PowerPlant;HVB;HVA;LV;Company;Individual;Capacity;Load
1;-;1;1;-;-;241999040;-
1;-;-;1;1;-;-;96811846
1;-;-;1;-;21;-;28198359
1;-;-;1;-;22;-;26074220
1;-;-;1;-;23;-;20274618
1;-;1;2;-;-;382635838;-
1;-;-;2;2;-;-;87678035
1;-;-;2;-;24;-;25315611
1;-;-;2;-;25;-;27415657
1;-;-;2;-;26;-;21164380
1;-;1;3;-;-;291629372;-
1;-;-;3;3;-;-;87081349
1;-;-;3;-;27;-;27439742
1;-;-;3;-;28;-;21372652
1;-;-;3;-;29;-;22139671
1;-;-;3;-;30;-;24395748
1;-;2;4;-;-;130918331;-
1;-;-;4;4;-;-;109863853
1;-;-;4;-;31;-;29518559
1;-;-;4;-;32;-;26326149
1;-;2;5;-;-;131833110;-
1;-;-;5;5;-;-;106882485
1;-;-;5;-;33;-;26414187
1;-;-;5;-;34;-;21655845
1;-;3;6;-;-;161908098;-
1;-;-;6;6;-;-;88353050
1;-;-;6;7;-;-;108114500
1;-;-;6;8;-;-;116481301
1;-;-;6;-;35;-;29433897
1;-;-;6;-;36;-;21890244
1;-;3;7;-;-;219778584;-
1;-;-;7;9;-;-;117685819
1;-;-;7;-;37;-;25290499
1;-;-;7;-;38;-;22207938
1;-;4;8;-;-;152279330;-
1;-;-;8;10;-;-;88949037
1;-;-;8;11;-;-;105967169
1;-;-;8;-;39;-;26540555
1;-;-;8;-;40;-;29009581
1;-;4;9;-;-;132508986;-
1;-;-;9;12;-;-;89254497
1;-;-;9;13;-;-;96870145
1;-;-;9;-;41;-;25006360
1;-;-;9;-;42;-;20329381
1;-;-;9;-;43;-;27267861
1;-;5;10;-;-;200301465;-
1;-;-;10;14;-;-;88514679
1;-;-;10;-;44;-;23074076
1;-;-;10;-;45;-;26514477
1;-;-;10;-;46;-;23955876
1;-;5;11;-;-;148178856;-
1;-;-;11;15;-;-;118776464
1;-;-;11;-;47;-;22991281
1;-;-;11;-;48;-;29112418
1;-;-;11;-;49;-;20794668
1;-;6;12;-;-;122352561;-
1;-;-;12;16;-;-;85577082
1;-;-;12;-;50;-;22971057
1;-;-;12;-;51;-;27317393
1;-;6;13;-;-;182709668;-
1;-;-;13;17;-;-;121247424
1;-;-;13;-;52;-;22490839
1;-;-;13;-;53;-;25418298
1;-;-;13;-;54;-;26582426
1;-;7;14;-;-;122456466;-
1;-;-;14;18;-;-;105726119
1;-;-;14;-;55;-;25329713
1;-;-;14;-;56;-;25029501
1;-;7;15;-;-;85799285;-
1;-;-;15;19;-;-;79045317
1;-;-;15;-;57;-;24348496
1;-;-;15;-;58;-;22983224
2;-;8;16;-;-;3292711010;-
2;-;-;16;20;-;-;110945777
2;-;-;16;-;59;-;26269182
2;-;-;16;-;60;-;25423772
1;-;-;2;-;1248422;-;4594
1;-;-;2;-;1248423;-;4131
1;-;-;2;-;1248424;-;3872
1;-;-;2;-;1248425;-;5297
1;-;-;2;-;1248426;-;5165
1;-;-;2;-;1248427;-;5170
1;-;-;2;-;1248428;-;3857
1;-;-;2;-;1248429;-;5609
1;-;-;2;-;1248430;-;4308
1;-;-;2;-;1248431;-;4725
1;-;-;2;-;1248432;-;3837
1;-;-;2;-;1248433;-;4874
1;-;-;2;-;1248434;-;5191
1;-;-;2;-;1248435;-;4115
1;-;-;2;-;1248436;-;4589
1;-;-;2;-;1248437;-;4748
1;-;-;2;-;1248438;-;4514
1;-;-;2;-;1248439;-;4413
1;-;-;2;-;1248440;-;4169
1;-;-;2;-;1248441;-;4358
1;-;-;2;-;1248442;-;3929
1;-;-;2;-;1248443;-;4950
1;-;-;2;-;1248444;-;4031
1;-;1;3;-;-;819251;-
1;-;-;3;16;-;-;14993
1;-;-;3;17;-;-;16153
1;-;-;3;18;-;-;13067
1;-;-;3;19;-;-;13235
1;-;-;3;20;-;-;13629
1;-;-;3;21;-;-;11321
1;-;-;3;22;-;-;14528
1;-;-;3;23;-;-;15917
1;-;-;3;-;1248445;-;4251
1;-;-;3;-;1248446;-;4002
1;-;-;3;-;1248447;-;4952
1;-;-;3;-;1248448;-;4226
1;-;-;3;-;1248449;-;4548
1;-;-;3;-;1248450;-;4930
1;-;-;3;-;1248451;-;4040
1;-;-;3;-;1248452;-;4788
1;-;-;3;-;1248453;-;4712
1;-;-;3;-;1248454;-;4060
1;-;-;3;-;1248455;-;4212
1;-;-;3;-;1248456;-;4310
1;-;-;3;-;1248457;-;4467
1;-;-;3;-;1248458;-;4063
1;-;-;3;-;1248459;-;5101
1;-;-;3;-;1248460;-;4880
1;-;-;3;-;1248461;-;4876
1;-;-;3;-;1248462;-;5027
1;-;-;3;-;1248463;-;5161
1;-;-;3;-;1248464;-;4750
1;-;-;3;-;1248465;-;4606
1;-;-;3;-;1248466;-;3963
1;-;-;3;-;1248467;-;3948
1;-;-;3;-;1248468;-;4289
1;-;-;3;-;1248469;-;4520
1;-;-;3;-;1248470;-;4728
1;-;-;3;-;1248471;-;4981
1;-;-;3;-;1248472;-;5162
1;-;-;3;-;1248473;-;5306
1;-;-;3;-;1248474;-;5039
1;-;-;3;-;1248475;-;4484
1;-;-;3;-;1248476;-;5532
1;-;-;3;-;1248477;-;5505
1;-;-;3;-;1248478;-;4019
1;-;-;3;-;1248479;-;4468
1;-;-;3;-;1248480;-;5022
1;-;-;3;-;1248481;-;4200
1;-;1;4;-;-;670661;-
1;-;-;4;24;-;-;12877
1;-;-;4;25;-;-;15063
1;-;-;4;26;-;-;13099
1;-;-;4;27;-;-;12024
1;-;-;4;28;-;-;14517
1;-;-;4;29;-;-;12527
1;-;-;4;-;1248482;-;5527
1;-;-;4;-;1248483;-;3808
1;-;-;4;-;1248484;-;5263
1;-;-;4;-;1248485;-;4568
1;-;-;4;-;1248486;-;5493
1;-;-;4;-;1248487;-;3873
1;-;-;4;-;1248488;-;5455
1;-;-;4;-;1248489;-;4802
1;-;-;4;-;1248490;-;4586
1;-;-;4;-;1248491;-;5555
1;-;-;4;-;1248492;-;4266
1;-;-;4;-;1248493;-;4745
1;-;-;4;-;1248494;-;4791
1;-;-;4;-;1248495;-;5056
1;-;-;4;-;1248496;-;4449
1;-;-;4;-;1248497;-;5174
1;-;-;4;-;1248498;-;4583
1;-;-;4;-;1248499;-;4518
1;-;-;4;-;1248500;-;4073
1;-;-;4;-;1248501;-;3894
1;-;-;4;-;1248502;-;4564
1;-;-;4;-;1248503;-;4066
1;-;-;4;-;1248504;-;5530
1;-;-;4;-;1248505;-;3887
1;-;-;4;-;1248506;-;3860
1;-;-;4;-;1248507;-;5110
1;-;-;4;-;1248508;-;4191
1;-;-;4;-;1248509;-;5622
1;-;-;4;-;1248510;-;4329
1;-;-;4;-;1248511;-;4153
1;-;-;4;-;1248512;-;5469
1;-;-;4;-;1248513;-;4553
1;-;-;4;-;1248514;-;5548
1;-;-;4;-;1248515;-;4400
1;-;-;4;-;1248516;-;5265
1;-;1;5;-;-;546363;-
1;-;-;5;30;-;-;10963
1;-;-;5;31;-;-;12686
1;-;-;5;32;-;-;12379
1;-;-;5;33;-;-;11305
1;-;-;5;34;-;-;13549
1;-;-;5;35;-;-;13525
1;-;-;5;36;-;-;14840
1;-;-;5;37;-;-;14598
1;-;-;5;38;-;-;11577
1;-;-;5;-;1248517;-;4680
1;-;-;5;-;1248518;-;4032
1;-;-;5;-;1248519;-;5153
1;-;-;5;-;1248520;-;4587
1;-;-;5;-;1248521;-;4592
1;-;-;5;-;1248522;-;4682
1;-;-;5;-;1248523;-;3938
1;-;-;5;-;1248524;-;4460
1;-;-;5;-;1248525;-;3908
1;-;-;5;-;1248526;-;4065
1;-;-;5;-;1248527;-;5307
1;-;-;5;-;1248528;-;4435
1;-;-;5;-;1248529;-;5006
1;-;-;5;-;1248530;-;5102
1;-;-;5;-;1248531;-;4398
1;-;-;5;-;1248532;-;5583
1;-;-;5;-;1248533;-;5301
1;-;-;5;-;1248534;-;5346
1;-;-;5;-;1248535;-;4644
1;-;-;5;-;1248536;-;4343
1;-;-;5;-;1248537;-;4622
1;-;-;5;-;1248538;-;4709
1;-;-;5;-;1248539;-;4746
1;-;-;5;-;1248540;-;3812
1;-;-;5;-;1248541;-;4199
1;-;-;5;-;1248542;-;5602
1;-;-;5;-;1248543;-;4834
1;-;-;5;-;1248544;-;4566
1;-;-;5;-;1248545;-;4842
1;-;-;5;-;1248546;-;4880
1;-;-;5;-;1248547;-;4776
1;-;-;5;-;1248548;-;4115
1;-;-;5;-;1248549;-;4237
1;-;-;5;-;1248550;-;4948
1;-;-;5;-;1248551;-;5554
1;-;-;5;-;1248552;-;3987
1;-;1;6;-;-;850905;-
1;-;-;6;39;-;-;14388
1;-;-;6;40;-;-;11710
1;-;-;6;41;-;-;14539
1;-;-;6;42;-;-;13462
1;-;-;6;43;-;-;12606
1;-;-;6;44;-;-;12867
1;-;-;6;-;1248553;-;4125
1;-;-;6;-;1248554;-;5558
1;-;-;6;-;1248555;-;3909
1;-;-;6;-;1248556;-;4857
1;-;-;6;-;1248557;-;5240
1;-;-;6;-;1248558;-;5343
1;-;-;6;-;1248559;-;4246
1;-;-;6;-;1248560;-;4524
1;-;-;6;-;1248561;-;5489
1;-;-;6;-;1248562;-;4715
1;-;-;6;-;1248563;-;4472
1;-;-;6;-;1248564;-;4562
1;-;-;6;-;1248565;-;3934
1;-;-;6;-;1248566;-;3800
1;-;-;6;-;1248567;-;3955
1;-;-;6;-;1248568;-;5566
1;-;-;6;-;1248569;-;5475
1;-;-;6;-;1248570;-;5102
1;-;-;6;-;1248571;-;4281
1;-;-;6;-;1248572;-;4184
1;-;-;6;-;1248573;-;5312
1;-;-;6;-;1248574;-;4309
1;-;-;6;-;1248575;-;4210
1;-;-;6;-;1248576;-;4715
1;-;-;6;-;1248577;-;4006
1;-;-;6;-;1248578;-;3923
1;-;-;6;-;1248579;-;4290
1;-;-;6;-;1248580;-;5550
1;-;-;6;-;1248581;-;4561
1;-;-;6;-;1248582;-;4747
1;-;-;6;-;1248583;-;5187
1;-;-;6;-;1248584;-;4581
1;-;-;6;-;1248585;-;4953
1;-;-;6;-;1248586;-;3895
1;-;-;6;-;1248587;-;4278
1;-;-;6;-;1248588;-;5320
1;-;-;6;-;1248589;-;4581
1;-;-;6;-;1248590;-;5272
1;-;-;6;-;1248591;-;4239
1;-;-;6;-;1248592;-;3986
1;-;-;6;-;1248593;-;4859
1;-;-;6;-;1248594;-;4618
1;-;-;6;-;1248595;-;4336
1;-;-;6;-;1248596;-;4166
1;-;-;6;-;1248597;-;5284
1;-;-;6;-;1248598;-;4588
1;-;-;6;-;1248599;-;5249
1;-;-;6;-;1248600;-;3926
1;-;-;6;-;1248601;-;4820
1;-;-;6;-;1248602;-;3830
1;-;1;7;-;-;557813;-
1;-;-;7;45;-;-;14520
1;-;-;7;46;-;-;11450
1;-;-;7;47;-;-;16054
1;-;-;7;48;-;-;12645
1;-;-;7;49;-;-;12924
1;-;-;7;50;-;-;15443
1;-;-;7;51;-;-;14397
1;-;-;7;-;1248603;-;5155
1;-;-;7;-;1248604;-;4090
1;-;-;7;-;1248605;-;4835
1;-;-;7;-;1248606;-;4457
1;-;-;7;-;1248607;-;5204
1;-;-;7;-;1248608;-;5240
1;-;-;7;-;1248609;-;4417
1;-;-;7;-;1248610;-;4033
1;-;-;7;-;1248611;-;4184
1;-;-;7;-;1248612;-;4874
1;-;-;7;-;1248613;-;4913
1;-;-;7;-;1248614;-;4798
1;-;-;7;-;1248615;-;4113
1;-;-;7;-;1248616;-;4139
1;-;-;7;-;1248617;-;4991
1;-;-;7;-;1248618;-;3976
1;-;-;7;-;1248619;-;5084
1;-;-;7;-;1248620;-;5575
1;-;-;7;-;1248621;-;5476
1;-;-;7;-;1248622;-;3825
1;-;-;7;-;1248623;-;4935
1;-;-;7;-;1248624;-;4302
1;-;-;7;-;1248625;-;3982
1;-;-;7;-;1248626;-;4030
1;-;-;7;-;1248627;-;4494
1;-;-;7;-;1248628;-;4995
1;-;-;7;-;1248629;-;4376
1;-;-;7;-;1248630;-;3877
1;-;-;7;-;1248631;-;4910
1;-;-;7;-;1248632;-;4895
1;-;-;7;-;1248633;-;4101
1;-;-;7;-;1248634;-;4950
1;-;-;7;-;1248635;-;3965
1;-;-;7;-;1248636;-;4931
1;-;-;7;-;1248637;-;4187
1;-;-;7;-;1248638;-;5620
1;-;-;7;-;1248639;-;5160
1;-;-;7;-;1248640;-;4091
1;-;-;7;-;1248641;-;4333
1;-;-;7;-;1248642;-;3906
1;-;-;7;-;1248643;-;5470
1;-;-;7;-;1248644;-;4127
1;-;-;7;-;1248645;-;4865
1;-;-;7;-;1248646;-;3791
1;-;-;7;-;1248647;-;4996
1;-;-;7;-;1248648;-;4644
1;-;-;7;-;1248649;-;4324
1;-;-;7;-;1248650;-;4198
1;-;-;7;-;1248651;-;5594
1;-;1;8;-;-;699680;-
1;-;-;8;52;-;-;15670
1;-;-;8;53;-;-;12410
1;-;-;8;54;-;-;12632
1;-;-;8;55;-;-;16322
1;-;-;8;56;-;-;12063
1;-;-;8;-;1248652;-;5296
1;-;-;8;-;1248653;-;4815
1;-;-;8;-;1248654;-;4007
1;-;-;8;-;1248655;-;4840
1;-;-;8;-;1248656;-;3862
1;-;-;8;-;1248657;-;4106
1;-;-;8;-;1248658;-;5057
1;-;-;8;-;1248659;-;4297
1;-;-;8;-;1248660;-;4776
1;-;-;8;-;1248661;-;3786
1;-;-;8;-;1248662;-;4703
1;-;-;8;-;1248663;-;4255
1;-;-;8;-;1248664;-;4328
1;-;-;8;-;1248665;-;5399
1;-;-;8;-;1248666;-;4135
1;-;-;8;-;1248667;-;5166
1;-;-;8;-;1248668;-;5467
1;-;-;8;-;1248669;-;4469
1;-;-;8;-;1248670;-;4448
1;-;-;8;-;1248671;-;3814
1;-;-;8;-;1248672;-;5187
1;-;-;8;-;1248673;-;3923
1;-;-;8;-;1248674;-;4944
1;-;-;8;-;1248675;-;4177
1;-;-;8;-;1248676;-;4012
1;-;-;8;-;1248677;-;4966
1;-;-;8;-;1248678;-;4922
1;-;-;8;-;1248679;-;3946
1;-;-;8;-;1248680;-;4060
1;-;-;8;-;1248681;-;4930
1;-;1;9;-;-;616061;-
1;-;-;9;57;-;-;12793
1;-;-;9;58;-;-;12563
1;-;-;9;59;-;-;11780
1;-;-;9;60;-;-;14769
1;-;-;9;61;-;-;13568
1;-;-;9;62;-;-;14008
1;-;-;9;-;1248682;-;5604
1;-;-;9;-;1248683;-;4033
1;-;-;9;-;1248684;-;4152
1;-;-;9;-;1248685;-;3897
1;-;-;9;-;1248686;-;5300
1;-;-;9;-;1248687;-;4525
1;-;-;9;-;1248688;-;4380
1;-;-;9;-;1248689;-;5529
1;-;-;9;-;1248690;-;5166
1;-;-;9;-;1248691;-;5501
1;-;-;9;-;1248692;-;3875
1;-;-;9;-;1248693;-;4256
1;-;-;9;-;1248694;-;4651
1;-;-;9;-;1248695;-;5329
1;-;-;9;-;1248696;-;4740
1;-;-;9;-;1248697;-;4978
1;-;-;9;-;1248698;-;4332
1;-;-;9;-;1248699;-;5581
1;-;-;9;-;1248700;-;5219
1;-;-;9;-;1248701;-;4332
1;-;-;9;-;1248702;-;5476
1;-;-;9;-;1248703;-;4617
1;-;-;9;-;1248704;-;3817
1;-;-;9;-;1248705;-;4158
1;-;-;9;-;1248706;-;5569
1;-;-;9;-;1248707;-;5252
1;-;-;9;-;1248708;-;4753
1;-;-;9;-;1248709;-;4363
1;-;-;9;-;1248710;-;4049
1;-;-;9;-;1248711;-;5405
1;-;-;9;-;1248712;-;3836
1;-;-;9;-;1248713;-;4903
1;-;-;9;-;1248714;-;4588
1;-;-;9;-;1248715;-;4817
1;-;-;9;-;1248716;-;4010
1;-;-;9;-;1248717;-;4985
1;-;-;9;-;1248718;-;4461
1;-;-;9;-;1248719;-;3902
1;-;-;9;-;1248720;-;5500
1;-;-;9;-;1248721;-;3814
1;-;1;10;-;-;873484;-
1;-;-;10;63;-;-;14904
1;-;-;10;64;-;-;13502
1;-;-;10;65;-;-;11774
1;-;-;10;66;-;-;16151
1;-;-;10;67;-;-;14081
1;-;-;10;-;1248722;-;4223
1;-;-;10;-;1248723;-;5323
1;-;-;10;-;1248724;-;3813
1;-;-;10;-;1248725;-;4153
1;-;-;10;-;1248726;-;4074
1;-;-;10;-;1248727;-;4988
1;-;-;10;-;1248728;-;5041
1;-;-;10;-;1248729;-;4916
1;-;-;10;-;1248730;-;4049
1;-;-;10;-;1248731;-;5581
1;-;-;10;-;1248732;-;4625
1;-;-;10;-;1248733;-;5410
1;-;-;10;-;1248734;-;3927
1;-;-;10;-;1248735;-;4092
1;-;-;10;-;1248736;-;5540
1;-;-;10;-;1248737;-;4884
1;-;-;10;-;1248738;-;4888
1;-;-;10;-;1248739;-;4453
1;-;-;10;-;1248740;-;5429
1;-;-;10;-;1248741;-;4641
1;-;-;10;-;1248742;-;5315
1;-;-;10;-;1248743;-;5613
1;-;-;10;-;1248744;-;5232
1;-;-;10;-;1248745;-;4358
1;-;-;10;-;1248746;-;5599
1;-;-;10;-;1248747;-;4233
1;-;-;10;-;1248748;-;5150
1;-;-;10;-;1248749;-;4680
1;-;-;10;-;1248750;-;4581
1;-;-;10;-;1248751;-;5581
1;-;-;10;-;1248752;-;3935
1;-;-;10;-;1248753;-;3934
1;-;-;10;-;1248754;-;4069
1;-;-;10;-;1248755;-;4687
1;-;-;10;-;1248756;-;4419
1;-;-;10;-;1248757;-;5426
1;-;-;10;-;1248758;-;5226
1;-;-;10;-;1248759;-;4778
1;-;-;10;-;1248760;-;4956
1;-;-;10;-;1248761;-;4493
1;-;-;10;-;1248762;-;5623
1;-;-;10;-;1248763;-;4374
1;-;-;10;-;1248764;-;5384
1;-;-;10;-;1248765;-;5240
1;-;-;10;-;1248766;-;4799
1;-;-;10;-;1248767;-;5490
1;-;-;10;-;1248768;-;5108
1;-;1;11;-;-;534475;-
1;-;-;11;68;-;-;12158
1;-;-;11;69;-;-;14173
1;-;-;11;70;-;-;11000
1;-;-;11;71;-;-;12165
1;-;-;11;72;-;-;14609
1;-;-;11;73;-;-;15258
1;-;-;11;74;-;-;11228
1;-;-;11;75;-;-;16037
1;-;-;11;-;1248769;-;4793
1;-;-;11;-;1248770;-;4115
1;-;-;11;-;1248771;-;3787
1;-;-;11;-;1248772;-;4533
1;-;-;11;-;1248773;-;5578
1;-;-;11;-;1248774;-;3762
1;-;-;11;-;1248775;-;4977
1;-;-;11;-;1248776;-;4156
1;-;-;11;-;1248777;-;5488
1;-;-;11;-;1248778;-;4839
1;-;-;11;-;1248779;-;3925
1;-;-;11;-;1248780;-;4381
1;-;-;11;-;1248781;-;4503
1;-;-;11;-;1248782;-;5159
1;-;-;11;-;1248783;-;4564
1;-;-;11;-;1248784;-;4609
1;-;-;11;-;1248785;-;4421
1;-;-;11;-;1248786;-;4989
1;-;-;11;-;1248787;-;4442
1;-;-;11;-;1248788;-;4757
1;-;-;11;-;1248789;-;3789
1;-;-;11;-;1248790;-;4141
1;-;-;11;-;1248791;-;5106
1;-;-;11;-;1248792;-;4890
1;-;-;11;-;1248793;-;4889
1;-;-;11;-;1248794;-;4263
1;-;-;11;-;1248795;-;3780
1;-;-;11;-;1248796;-;4903
1;-;-;11;-;1248797;-;4327
1;-;-;11;-;1248798;-;4964
1;-;-;11;-;1248799;-;5254
1;-;-;11;-;1248800;-;4436
1;-;-;11;-;1248801;-;5234
1;-;-;11;-;1248802;-;5521
1;-;-;11;-;1248803;-;4215
1;-;-;11;-;1248804;-;4088
1;-;-;11;-;1248805;-;4116
1;-;-;11;-;1248806;-;4414
1;-;-;11;-;1248807;-;5119
1;-;-;11;-;1248808;-;5590
1;-;-;11;-;1248809;-;3833
1;-;-;11;-;1248810;-;3974
1;-;-;11;-;1248811;-;3905
1;-;-;11;-;1248812;-;5550
1;-;-;11;-;1248813;-;5562
1;-;-;11;-;1248814;-;5444
1;-;-;11;-;1248815;-;5099
1;-;-;11;-;1248816;-;4962
1;-;-;11;-;1248817;-;4289
1;-;1;12;-;-;805875;-
1;-;-;12;76;-;-;14826
1;-;-;12;77;-;-;14888
1;-;-;12;78;-;-;15021
1;-;-;12;79;-;-;11616
1;-;-;12;80;-;-;11480
1;-;-;12;81;-;-;12637
1;-;-;12;82;-;-;13155
1;-;-;12;83;-;-;14729
1;-;-;12;-;1248818;-;3871
1;-;-;12;-;1248819;-;5336
1;-;-;12;-;1248820;-;4269
1;-;-;12;-;1248821;-;4621
1;-;-;12;-;1248822;-;4520
1;-;-;12;-;1248823;-;5315
1;-;-;12;-;1248824;-;5108
1;-;-;12;-;1248825;-;3891
1;-;-;12;-;1248826;-;5163
1;-;-;12;-;1248827;-;5162
1;-;-;12;-;1248828;-;4973
1;-;-;12;-;1248829;-;4601
1;-;-;12;-;1248830;-;4006
1;-;-;12;-;1248831;-;4466
1;-;-;12;-;1248832;-;4405
1;-;-;12;-;1248833;-;4074
1;-;-;12;-;1248834;-;5576
1;-;-;12;-;1248835;-;4331
1;-;-;12;-;1248836;-;4226
1;-;-;12;-;1248837;-;5056
1;-;-;12;-;1248838;-;4523
1;-;-;12;-;1248839;-;4504
1;-;-;12;-;1248840;-;4742
1;-;-;12;-;1248841;-;4768
1;-;-;12;-;1248842;-;4403
1;-;-;12;-;1248843;-;4909
1;-;-;12;-;1248844;-;4714
1;-;-;12;-;1248845;-;4244
1;-;-;12;-;1248846;-;4336
1;-;-;12;-;1248847;-;5469
1;-;-;12;-;1248848;-;4764
1;-;-;12;-;1248849;-;4281
1;-;-;12;-;1248850;-;5410
1;-;-;12;-;1248851;-;4083
1;-;-;12;-;1248852;-;4003
1;-;-;12;-;1248853;-;5578
1;-;-;12;-;1248854;-;4423
1;-;-;12;-;1248855;-;5245
1;-;-;12;-;1248856;-;4660
1;-;-;12;-;1248857;-;5178
1;-;-;12;-;1248858;-;4346
1;-;-;12;-;1248859;-;4528
1;-;-;12;-;1248860;-;5554
1;-;-;12;-;1248861;-;3787
1;-;-;12;-;1248862;-;5000
1;-;-;12;-;1248863;-;4064
1;-;-;12;-;1248864;-;5325
1;-;-;12;-;1248865;-;5220
1;-;1;13;-;-;567206;-
1;-;-;13;84;-;-;13649
1;-;-;13;85;-;-;12870
1;-;-;13;86;-;-;12832
1;-;-;13;87;-;-;13909
1;-;-;13;88;-;-;11762
1;-;-;13;89;-;-;14886
1;-;-;13;-;1248866;-;4732
1;-;-;13;-;1248867;-;5350
1;-;-;13;-;1248868;-;5035
1;-;-;13;-;1248869;-;5189
1;-;-;13;-;1248870;-;4352
1;-;-;13;-;1248871;-;4347
1;-;-;13;-;1248872;-;4827
1;-;-;13;-;1248873;-;5229
1;-;-;13;-;1248874;-;5064
1;-;-;13;-;1248875;-;5497
1;-;-;13;-;1248876;-;5564
1;-;-;13;-;1248877;-;4780
1;-;-;13;-;1248878;-;4758
1;-;-;13;-;1248879;-;5276
1;-;-;13;-;1248880;-;4591
1;-;-;13;-;1248881;-;4612
1;-;-;13;-;1248882;-;5308
1;-;-;13;-;1248883;-;5581
1;-;-;13;-;1248884;-;4128
1;-;-;13;-;1248885;-;5559
1;-;-;13;-;1248886;-;4148
1;-;-;13;-;1248887;-;4840
1;-;-;13;-;1248888;-;5634
1;-;-;13;-;1248889;-;3866
1;-;-;13;-;1248890;-;5492
1;-;-;13;-;1248891;-;5286
1;-;-;13;-;1248892;-;4168
1;-;-;13;-;1248893;-;3774
1;-;-;13;-;1248894;-;4591
1;-;-;13;-;1248895;-;5448
1;-;-;13;-;1248896;-;4090
1;-;-;13;-;1248897;-;5610
1;-;-;13;-;1248898;-;3914
1;-;-;13;-;1248899;-;5526
1;-;-;13;-;1248900;-;3766
1;-;-;13;-;1248901;-;5353
1;-;-;13;-;1248902;-;4140
1;-;-;13;-;1248903;-;4519
1;-;-;13;-;1248904;-;4347
1;-;-;13;-;1248905;-;4933
1;-;1;14;-;-;749431;-
1;-;-;14;90;-;-;14365
1;-;-;14;91;-;-;12502
1;-;-;14;92;-;-;15124
1;-;-;14;93;-;-;13168
1;-;-;14;94;-;-;13615
1;-;-;14;95;-;-;14861
1;-;-;14;-;1248906;-;5213
1;-;-;14;-;1248907;-;4464
1;-;-;14;-;1248908;-;5517
1;-;-;14;-;1248909;-;5019
1;-;-;14;-;1248910;-;4750
1;-;-;14;-;1248911;-;3786
1;-;-;14;-;1248912;-;4967
1;-;-;14;-;1248913;-;5484
1;-;-;14;-;1248914;-;5272
1;-;-;14;-;1248915;-;4871
1;-;-;14;-;1248916;-;4609
1;-;-;14;-;1248917;-;5371
1;-;-;14;-;1248918;-;3914
1;-;-;14;-;1248919;-;4796
1;-;-;14;-;1248920;-;4769
1;-;-;14;-;1248921;-;3816
1;-;-;14;-;1248922;-;4965
1;-;-;14;-;1248923;-;5308
1;-;-;14;-;1248924;-;4093
1;-;-;14;-;1248925;-;3984
1;-;-;14;-;1248926;-;5160
1;-;-;14;-;1248927;-;5586
1;-;-;14;-;1248928;-;4974
1;-;-;14;-;1248929;-;5023
1;-;-;14;-;1248930;-;4491
1;-;-;14;-;1248931;-;4072
1;-;-;14;-;1248932;-;4577
1;-;-;14;-;1248933;-;5596
1;-;-;14;-;1248934;-;4060
1;-;-;14;-;1248935;-;4146
1;-;-;14;-;1248936;-;4658
1;-;-;14;-;1248937;-;5134
1;-;-;14;-;1248938;-;5551
1;-;-;14;-;1248939;-;3887
1;-;-;14;-;1248940;-;4352
1;-;-;14;-;1248941;-;4753
1;-;-;14;-;1248942;-;3769
1;-;-;14;-;1248943;-;5041
1;-;-;14;-;1248944;-;3865
1;-;-;14;-;1248945;-;3880
1;-;-;14;-;1248946;-;5263
1;-;-;14;-;1248947;-;3788
1;-;-;14;-;1248948;-;5188
1;-;-;14;-;1248949;-;5367
1;-;-;14;-;1248950;-;5317
1;-;-;14;-;1248951;-;4692
1;-;-;14;-;1248952;-;4053
1;-;-;14;-;1248953;-;4248
1;-;1;15;-;-;718813;-
1;-;-;15;96;-;-;15995
1;-;-;15;97;-;-;12945
1;-;-;15;98;-;-;14464
1;-;-;15;99;-;-;11509
1;-;-;15;100;-;-;12982
1;-;-;15;101;-;-;12201
1;-;-;15;-;1248954;-;5263
1;-;-;15;-;1248955;-;4252
1;-;-;15;-;1248956;-;4913
1;-;-;15;-;1248957;-;3933
1;-;-;15;-;1248958;-;5446
1;-;-;15;-;1248959;-;3868
1;-;-;15;-;1248960;-;4222
1;-;-;15;-;1248961;-;5081
1;-;-;15;-;1248962;-;5475
1;-;-;15;-;1248963;-;5239
1;-;-;15;-;1248964;-;4279
1;-;-;15;-;1248965;-;4474
1;-;-;15;-;1248966;-;4408
1;-;-;15;-;1248967;-;4468
1;-;-;15;-;1248968;-;4660
1;-;-;15;-;1248969;-;4326
1;-;-;15;-;1248970;-;3953
1;-;-;15;-;1248971;-;4332
1;-;-;15;-;1248972;-;4661
1;-;-;15;-;1248973;-;5314
1;-;-;15;-;1248974;-;4455
1;-;-;15;-;1248975;-;4551
1;-;-;15;-;1248976;-;3887
1;-;-;15;-;1248977;-;4063
1;-;-;15;-;1248978;-;3772
1;-;-;15;-;1248979;-;4587
1;-;-;15;-;1248980;-;5121
1;-;-;15;-;1248981;-;5261
1;-;-;15;-;1248982;-;4523
1;-;-;15;-;1248983;-;4813
1;-;-;15;-;1248984;-;5195
1;-;-;15;-;1248985;-;4490
1;-;-;15;-;1248986;-;5153
1;-;-;15;-;1248987;-;3866
1;-;-;15;-;1248988;-;4862
1;-;-;15;-;1248989;-;5113
1;-;-;15;-;1248990;-;3985
1;-;-;15;-;1248991;-;4285
1;-;-;15;-;1248992;-;4184
1;-;-;15;-;1248993;-;5140
1;-;-;15;-;1248994;-;4408
1;-;-;15;-;1248995;-;3810
1;-;-;15;-;1248996;-;4971
1;-;-;15;-;1248997;-;5242
1;-;-;15;-;1248998;-;4280
1;-;1;16;-;-;729032;-
1;-;-;16;102;-;-;16088
1;-;-;16;103;-;-;14649
1;-;-;16;104;-;-;12941
1;-;-;16;105;-;-;11449
1;-;-;16;106;-;-;14722
1;-;-;16;107;-;-;12159
1;-;-;16;-;1248999;-;3774
1;-;-;16;-;1249000;-;4041
1;-;-;16;-;1249001;-;5084
1;-;-;16;-;1249002;-;5156
1;-;-;16;-;1249003;-;3935
1;-;-;16;-;1249004;-;4325
1;-;-;16;-;1249005;-;4671
1;-;-;16;-;1249006;-;4931
1;-;-;16;-;1249007;-;4570
1;-;-;16;-;1249008;-;4437
1;-;-;16;-;1249009;-;5393
1;-;-;16;-;1249010;-;3943
1;-;-;16;-;1249011;-;4638
1;-;-;16;-;1249012;-;5266
1;-;-;16;-;1249013;-;4774
1;-;-;16;-;1249014;-;4930
1;-;-;16;-;1249015;-;3910
1;-;-;16;-;1249016;-;4894
1;-;-;16;-;1249017;-;3879
1;-;-;16;-;1249018;-;3809
1;-;-;16;-;1249019;-;4041
1;-;-;16;-;1249020;-;5242
1;-;-;16;-;1249021;-;4426
1;-;-;16;-;1249022;-;4440
1;-;-;16;-;1249023;-;5018
1;-;-;16;-;1249024;-;4958
1;-;-;16;-;1249025;-;3926
1;-;-;16;-;1249026;-;5078
1;-;-;16;-;1249027;-;4144
1;-;-;16;-;1249028;-;4793
1;-;-;16;-;1249029;-;4971
1;-;-;16;-;1249030;-;4813
1;-;-;16;-;1249031;-;4566
1;-;-;16;-;1249032;-;5402
1;-;-;16;-;1249033;-;5129
1;-;-;16;-;1249034;-;5503
1;-;-;16;-;1249035;-;4804
1;-;-;16;-;1249036;-;4219
1;-;-;16;-;1249037;-;4419
1;-;-;16;-;1249038;-;5514
1;-;-;16;-;1249039;-;5016
1;-;-;16;-;1249040;-;4513
1;-;-;16;-;1249041;-;4380
1;-;-;16;-;1249042;-;4654
1;-;-;16;-;1249043;-;4628
1;-;-;16;-;1249044;-;5093
1;-;1;17;-;-;851666;-
1;-;-;17;108;-;-;11820
1;-;-;17;109;-;-;14469
1;-;-;17;110;-;-;13522
1;-;-;17;111;-;-;14619
1;-;-;17;112;-;-;11276
1;-;-;17;113;-;-;11078
1;-;-;17;114;-;-;14945
1;-;-;17;115;-;-;16042
1;-;-;17;116;-;-;15441
1;-;-;17;-;1249045;-;3961
1;-;-;17;-;1249046;-;4732
1;-;-;17;-;1249047;-;4504
1;-;-;17;-;1249048;-;5445
1;-;-;17;-;1249049;-;4354
1;-;-;17;-;1249050;-;5077
1;-;-;17;-;1249051;-;4651
1;-;-;17;-;1249052;-;4566
1;-;-;17;-;1249053;-;4708
1;-;-;17;-;1249054;-;4405
1;-;-;17;-;1249055;-;4814
1;-;-;17;-;1249056;-;4296
1;-;-;17;-;1249057;-;4791
1;-;-;17;-;1249058;-;4444
1;-;-;17;-;1249059;-;4144
1;-;-;17;-;1249060;-;4967
1;-;-;17;-;1249061;-;5199
1;-;-;17;-;1249062;-;4786
1;-;-;17;-;1249063;-;5627
1;-;-;17;-;1249064;-;4308
1;-;-;17;-;1249065;-;3871
1;-;-;17;-;1249066;-;4007
1;-;-;17;-;1249067;-;4734
1;-;-;17;-;1249068;-;4338
1;-;-;17;-;1249069;-;5030
1;-;-;17;-;1249070;-;4309
1;-;-;17;-;1249071;-;4000
1;-;-;17;-;1249072;-;5456
1;-;-;17;-;1249073;-;4842
1;-;-;17;-;1249074;-;3926
1;-;-;17;-;1249075;-;4209
1;-;-;17;-;1249076;-;4529
1;-;-;17;-;1249077;-;4475
1;-;1;18;-;-;671560;-
1;-;-;18;117;-;-;12936
1;-;-;18;118;-;-;14870
1;-;-;18;119;-;-;12921
1;-;-;18;120;-;-;12679
1;-;-;18;121;-;-;11174
1;-;-;18;122;-;-;13405
1;-;-;18;-;1249078;-;4980
1;-;-;18;-;1249079;-;4757
1;-;-;18;-;1249080;-;4569
1;-;-;18;-;1249081;-;4466
1;-;-;18;-;1249082;-;4420
1;-;-;18;-;1249083;-;4605
1;-;-;18;-;1249084;-;4461
1;-;-;18;-;1249085;-;4628
1;-;-;18;-;1249086;-;5587
1;-;-;18;-;1249087;-;4345
1;-;-;18;-;1249088;-;5197
1;-;-;18;-;1249089;-;5269
1;-;-;18;-;1249090;-;5116
1;-;-;18;-;1249091;-;4543
1;-;-;2111;14009;-;-;13229
1;-;-;2111;14010;-;-;13152
1;-;-;2111;14011;-;-;13343
1;-;-;2111;-;1334114;-;5008
1;-;-;2111;-;1334115;-;4108
1;-;-;2111;-;1334116;-;4717
1;-;-;2111;-;1334117;-;4324
1;-;-;2111;-;1334118;-;5428
1;-;-;2111;-;1334119;-;3976
1;-;-;2111;-;1334120;-;5436
1;-;-;2111;-;1334121;-;5379
1;-;-;2111;-;1334122;-;4020
1;-;-;2111;-;1334123;-;3888
1;-;-;2111;-;1334124;-;5303
1;-;-;2111;-;1334125;-;4960
1;-;-;2111;-;1334126;-;4302
1;-;-;2111;-;1334127;-;5033
1;-;-;2111;-;1334128;-;5281
1;-;-;2111;-;1334129;-;4309
1;-;-;2111;-;1334130;-;5539
1;-;-;2111;-;1334131;-;4962
1;-;-;2111;-;1334132;-;5203
1;-;-;2111;-;1334133;-;3831
1;-;-;2111;-;1334134;-;5193
1;-;-;2111;-;1334135;-;5123
1;-;-;2111;-;1334136;-;5290
1;-;-;2111;-;1334137;-;4199
1;-;-;2111;-;1334138;-;5262
1;-;-;2111;-;1334139;-;4617
1;-;-;2111;-;1334140;-;4796
1;-;-;2111;-;1334141;-;4940
1;-;-;2111;-;1334142;-;5607
1;-;-;2111;-;1334143;-;4785
1;-;-;2111;-;1334144;-;4204
1;-;-;2111;-;1334145;-;4737
1;-;-;2111;-;1334146;-;5530
1;-;-;2111;-;1334147;-;4868
1;-;-;2111;-;1334148;-;5588
1;-;-;2111;-;1334149;-;4773
1;-;-;2111;-;1334150;-;4264
1;-;-;2111;-;1334151;-;5523
1;-;6;2112;-;-;885169;-
1;-;-;2112;14012;-;-;12610
1;-;-;2112;14013;-;-;12510
1;-;-;2112;14014;-;-;15294
1;-;-;2112;14015;-;-;12359
1;-;-;2112;14016;-;-;16060
1;-;-;2112;14017;-;-;13347
1;-;-;2112;14018;-;-;11541
1;-;-;2112;-;1334152;-;4151
1;-;-;2112;-;1334153;-;5327
1;-;-;2112;-;1334154;-;4715
1;-;-;2112;-;1334155;-;4089
1;-;-;2112;-;1334156;-;4754
1;-;-;2112;-;1334157;-;3831
1;-;-;2112;-;1334158;-;5009
1;-;-;2112;-;1334159;-;4454
1;-;-;2112;-;1334160;-;4897
1;-;-;2112;-;1334161;-;5117
1;-;-;2112;-;1334162;-;4278
1;-;-;2112;-;1334163;-;3979
1;-;-;2112;-;1334164;-;4089
1;-;-;2112;-;1334165;-;3808
1;-;-;2112;-;1334166;-;4218
1;-;-;2112;-;1334167;-;5311
1;-;-;2112;-;1334168;-;5110
1;-;-;2112;-;1334169;-;4764
1;-;-;2112;-;1334170;-;5298
1;-;-;2112;-;1334171;-;4739
1;-;-;2112;-;1334172;-;4669
1;-;-;2112;-;1334173;-;5147
1;-;-;2112;-;1334174;-;4944
1;-;-;2112;-;1334175;-;4428
1;-;-;2112;-;1334176;-;3894
1;-;-;2112;-;1334177;-;4386
1;-;-;2112;-;1334178;-;5411
1;-;-;2112;-;1334179;-;3762
1;-;-;2112;-;1334180;-;5573
1;-;-;2112;-;1334181;-;5273
1;-;-;2112;-;1334182;-;3882
1;-;-;2112;-;1334183;-;5354
1;-;-;2112;-;1334184;-;5597
1;-;-;2112;-;1334185;-;4240
1;-;-;2112;-;1334186;-;5096
1;-;-;2112;-;1334187;-;4210
1;-;-;2112;-;1334188;-;5182
1;-;6;2113;-;-;707558;-
1;-;-;2113;14019;-;-;11257
1;-;-;2113;14020;-;-;11481
1;-;-;2113;14021;-;-;12121
1;-;-;2113;14022;-;-;15574
1;-;-;2113;14023;-;-;15951
1;-;-;2113;14024;-;-;15113
1;-;-;2113;14025;-;-;15834
1;-;-;2113;14026;-;-;14446
1;-;-;2113;-;1334189;-;5480
1;-;-;2113;-;1334190;-;3920
1;-;-;2113;-;1334191;-;5435
1;-;-;2113;-;1334192;-;5090
1;-;-;2113;-;1334193;-;5553
1;-;-;2113;-;1334194;-;5405
1;-;-;2113;-;1334195;-;4309
1;-;-;2113;-;1334196;-;4283
1;-;-;2113;-;1334197;-;4082
1;-;-;2113;-;1334198;-;5226
1;-;-;2113;-;1334199;-;4370
1;-;-;2113;-;1334200;-;5337
1;-;-;2113;-;1334201;-;5027
1;-;-;2113;-;1334202;-;5464
1;-;-;2113;-;1334203;-;4096
1;-;-;2113;-;1334204;-;4935
1;-;-;2113;-;1334205;-;5541
1;-;-;2113;-;1334206;-;5510
1;-;-;2113;-;1334207;-;4532
1;-;-;2113;-;1334208;-;5435
1;-;-;2113;-;1334209;-;4445
1;-;-;2113;-;1334210;-;3828
1;-;-;2113;-;1334211;-;4952
1;-;-;2113;-;1334212;-;4003
1;-;-;2113;-;1334213;-;5559
1;-;-;2113;-;1334214;-;4255
1;-;-;2113;-;1334215;-;4051
1;-;-;2113;-;1334216;-;4476
1;-;-;2113;-;1334217;-;4864
1;-;-;2113;-;1334218;-;4201
1;-;-;2113;-;1334219;-;5115
1;-;-;2113;-;1334220;-;4883
1;-;-;2113;-;1334221;-;4954
1;-;-;2113;-;1334222;-;4578
1;-;-;2113;-;1334223;-;5144
1;-;-;2113;-;1334224;-;4640
1;-;-;2113;-;1334225;-;5450
1;-;-;2113;-;1334226;-;4989
1;-;-;2113;-;1334227;-;5033
1;-;6;2114;-;-;669110;-
1;-;-;2114;14027;-;-;13874
1;-;-;2114;14028;-;-;13912
1;-;-;2114;14029;-;-;15960
1;-;-;2114;14030;-;-;11376
1;-;-;2114;14031;-;-;12699
1;-;-;2114;14032;-;-;14762
1;-;-;2114;-;1334228;-;4705
1;-;-;2114;-;1334229;-;5185
1;-;-;2114;-;1334230;-;3880
1;-;-;2114;-;1334231;-;5170
1;-;-;2114;-;1334232;-;4505
1;-;-;2114;-;1334233;-;4020
1;-;-;2114;-;1334234;-;5050
1;-;-;2114;-;1334235;-;4803
1;-;-;2114;-;1334236;-;5018
1;-;-;2114;-;1334237;-;3894
1;-;-;2114;-;1334238;-;5309
1;-;-;2114;-;1334239;-;4166
1;-;-;2114;-;1334240;-;5129
1;-;-;2114;-;1334241;-;5132
1;-;-;2114;-;1334242;-;3912
1;-;-;2114;-;1334243;-;5022
1;-;-;2114;-;1334244;-;5473
1;-;-;2114;-;1334245;-;5125
1;-;-;2114;-;1334246;-;4239
1;-;-;2114;-;1334247;-;4054
1;-;-;2114;-;1334248;-;5582
1;-;-;2114;-;1334249;-;4293
1;-;-;2114;-;1334250;-;4409
1;-;-;2114;-;1334251;-;4973
1;-;-;2114;-;1334252;-;3863
1;-;-;2114;-;1334253;-;5106
1;-;-;2114;-;1334254;-;4626
1;-;-;2114;-;1334255;-;4361
1;-;-;2114;-;1334256;-;3919
1;-;-;2114;-;1334257;-;4734
1;-;-;2114;-;1334258;-;4679
1;-;-;2114;-;1334259;-;5366
1;-;-;2114;-;1334260;-;4858
1;-;-;2114;-;1334261;-;3808
1;-;-;2114;-;1334262;-;4281
1;-;-;2114;-;1334263;-;4233
1;-;-;2114;-;1334264;-;5317
1;-;-;2114;-;1334265;-;3809
1;-;-;2114;-;1334266;-;5379
1;-;-;2114;-;1334267;-;5375
1;-;-;2114;-;1334268;-;4731
1;-;-;2114;-;1334269;-;4428
1;-;-;2114;-;1334270;-;5287
1;-;-;2114;-;1334271;-;5193
1;-;-;2114;-;1334272;-;4360
1;-;-;2114;-;1334273;-;4614
1;-;6;2115;-;-;809390;-
1;-;-;2115;14033;-;-;11126
1;-;-;2115;14034;-;-;11329
1;-;-;2115;14035;-;-;11372
1;-;-;2115;14036;-;-;15166
1;-;-;2115;14037;-;-;13736
1;-;-;2115;14038;-;-;15652
1;-;-;2115;-;1334274;-;4590
1;-;-;2115;-;1334275;-;4967
1;-;-;2115;-;1334276;-;4949
1;-;-;2115;-;1334277;-;4585
1;-;-;2115;-;1334278;-;4993
1;-;-;2115;-;1334279;-;3854
1;-;-;2115;-;1334280;-;4171
1;-;-;2115;-;1334281;-;4370
1;-;-;2115;-;1334282;-;4152
1;-;-;2115;-;1334283;-;3983
1;-;-;2115;-;1334284;-;5517
1;-;-;2115;-;1334285;-;4013
1;-;-;2115;-;1334286;-;3863
1;-;-;2115;-;1334287;-;4312
1;-;-;2115;-;1334288;-;4814
1;-;-;2115;-;1334289;-;4705
1;-;-;2115;-;1334290;-;4398
1;-;-;2115;-;1334291;-;3960
1;-;-;2115;-;1334292;-;4509
1;-;-;2115;-;1334293;-;5393
1;-;-;2115;-;1334294;-;5192
1;-;-;2115;-;1334295;-;5256
1;-;-;2115;-;1334296;-;4925
1;-;-;2115;-;1334297;-;4676
1;-;-;2115;-;1334298;-;4222
1;-;-;2115;-;1334299;-;3909
1;-;-;2115;-;1334300;-;4869
1;-;-;2115;-;1334301;-;3998
1;-;-;2115;-;1334302;-;4839
1;-;-;2115;-;1334303;-;4849
1;-;-;2115;-;1334304;-;4126
1;-;-;2115;-;1334305;-;5053
1;-;-;2115;-;1334306;-;4179
1;-;-;2115;-;1334307;-;5157
1;-;-;2115;-;1334308;-;4559
1;-;-;2115;-;1334309;-;5625
1;-;-;2115;-;1334310;-;5215
1;-;-;2115;-;1334311;-;3971
1;-;-;2115;-;1334312;-;4201
1;-;-;2115;-;1334313;-;3796
1;-;-;2115;-;1334314;-;4991
1;-;6;2116;-;-;689877;-
1;-;-;2116;14039;-;-;14394
1;-;-;2116;14040;-;-;15982
1;-;-;2116;14041;-;-;11712
1;-;-;2116;14042;-;-;12281
1;-;-;2116;14043;-;-;15518
1;-;-;2116;-;1334315;-;3948
1;-;-;2116;-;1334316;-;4896
1;-;-;2116;-;1334317;-;4781
1;-;-;2116;-;1334318;-;4084
1;-;-;2116;-;1334319;-;5594
1;-;-;2116;-;1334320;-;3820
1;-;-;2116;-;1334321;-;5488
1;-;-;2116;-;1334322;-;4824
1;-;-;2116;-;1334323;-;5324
1;-;-;2116;-;1334324;-;5126
1;-;-;2116;-;1334325;-;4852
1;-;-;2116;-;1334326;-;3816
1;-;-;2116;-;1334327;-;4517
1;-;-;2116;-;1334328;-;4972
1;-;-;2116;-;1334329;-;3833
1;-;-;2116;-;1334330;-;5202
1;-;-;2116;-;1334331;-;5277
1;-;-;2116;-;1334332;-;4160
1;-;-;2116;-;1334333;-;4573
1;-;-;2116;-;1334334;-;4292
1;-;-;2116;-;1334335;-;4450
1;-;-;2116;-;1334336;-;4912
1;-;-;2116;-;1334337;-;4431
1;-;-;2116;-;1334338;-;5291
1;-;-;2116;-;1334339;-;4880
1;-;-;2116;-;1334340;-;3912
1;-;-;2116;-;1334341;-;4189
1;-;-;2116;-;1334342;-;5034
1;-;-;2116;-;1334343;-;4377
1;-;-;2116;-;1334344;-;3951
1;-;-;2116;-;1334345;-;3896
1;-;-;2116;-;1334346;-;5346
1;-;-;2116;-;1334347;-;4150
1;-;-;2116;-;1334348;-;4286
1;-;-;2116;-;1334349;-;4992
1;-;-;2116;-;1334350;-;4360
1;-;-;2116;-;1334351;-;4829
1;-;-;2116;-;1334352;-;5013
1;-;-;2116;-;1334353;-;5103
1;-;-;2116;-;1334354;-;4454
1;-;-;2116;-;1334355;-;3978
1;-;-;2116;-;1334356;-;5440
1;-;-;2116;-;1334357;-;4890
1;-;-;2116;-;1334358;-;5043
1;-;-;2116;-;1334359;-;5466
1;-;6;2117;-;-;757523;-
1;-;-;2117;14044;-;-;13799
1;-;-;2117;14045;-;-;14380
1;-;-;2117;14046;-;-;11449
1;-;-;2117;14047;-;-;14234
1;-;-;2117;14048;-;-;13071
1;-;-;2117;14049;-;-;15485
1;-;-;2117;14050;-;-;11224
1;-;-;2117;-;1334360;-;5074
1;-;-;2117;-;1334361;-;4812
1;-;-;2117;-;1334362;-;4457
1;-;-;2117;-;1334363;-;5579
1;-;-;2117;-;1334364;-;5401
1;-;-;2117;-;1334365;-;4317
1;-;-;2117;-;1334366;-;5321
1;-;-;2117;-;1334367;-;4818
1;-;-;2117;-;1334368;-;4246
1;-;-;2117;-;1334369;-;4105
1;-;-;2117;-;1334370;-;4637
1;-;-;2117;-;1334371;-;5132
1;-;-;2117;-;1334372;-;4858
1;-;-;2117;-;1334373;-;4654
1;-;-;2117;-;1334374;-;5078
1;-;-;2117;-;1334375;-;4003
1;-;-;2117;-;1334376;-;5025
1;-;-;2117;-;1334377;-;4695
1;-;-;2117;-;1334378;-;5159
1;-;-;2117;-;1334379;-;4594
1;-;-;2117;-;1334380;-;3772
1;-;-;2117;-;1334381;-;4910
1;-;-;2117;-;1334382;-;5401
1;-;-;2117;-;1334383;-;4497
1;-;-;2117;-;1334384;-;4064
1;-;-;2117;-;1334385;-;4715
1;-;-;2117;-;1334386;-;4915
1;-;-;2117;-;1334387;-;4559
1;-;-;2117;-;1334388;-;3830
